protocol,sample_id,source_image_name,sample_index,reference_scope,ground_truth_role,cytoplasm_instance_index,nucleus_instance_index,crop_box_xyxy,native_crop_side_px,target_whole_cell_fraction,nucleus_fraction_at_128,cytoplasm_fraction_at_128,whole_cell_fraction_at_128,foreground_dice,cytoplasm_dice,nucleus_dice,gt_cytoplasm_area,pred_cytoplasm_area,gt_nucleus_area,pred_nucleus_area,n_candidate_nuclei_in_crop,crowding_flag,gt_nc_ratio,pred_nc_ratio,abs_error_nc_ratio,interval_lower_nc_ratio,interval_upper_nc_ratio,interval_width_nc_ratio,covered_nc_ratio,gt_circularity,pred_circularity,abs_error_circularity,interval_lower_circularity,interval_upper_circularity,interval_width_circularity,covered_circularity
scale_normalized,Cx22-Multi-Test:000001,00477,0,largest matched target instance,Crop centre and scale only; never model input or prediction guidance.,13,11,"[379, 3, 487, 111]",108,0.5057373046875,0.00933837890625,0.4896240234375,0.49896240234375,0.2497083346369886,0.44411965312286855,0.05529701615110868,5722,4541,109,3544,1,False,0.019049283467319118,0.7804448359392204,0.7613955524719013,0.28149927183053236,1.2793904000479084,0.997891128217376,False,0.7803922306740638,0.6496772582517777,0.13071497242228614,0.3972556438970841,0.9020988726064713,0.5048432287093871,True
scale_normalized,Cx22-Multi-Test:000002,00478,1,largest matched target instance,Crop centre and scale only; never model input or prediction guidance.,6,5,"[314, 186, 498, 370]",184,0.5057373046875,0.00689697265625,0.4676513671875,0.47454833984375,0.7098104673026846,0.7556698144424364,0.6639511201629328,15845,23442,237,254,3,True,0.014957399810665826,0.010835252964764099,0.004122146845901727,0.0,0.5097808170734521,0.5097808170734521,True,0.7983465045547403,0.7382922197978818,0.06005428475685848,0.4858706054431883,0.9907138341525754,0.5048432287093871,True
scale_normalized,Cx22-Multi-Test:000003,00478,2,largest matched target instance,Crop centre and scale only; never model input or prediction guidance.,8,1,"[118, 234, 310, 426]",192,0.5057373046875,0.006103515625,0.49554443359375,0.50164794921875,0.9134135373385249,0.9184937413437165,0.9083333333333333,18261,20006,231,249,1,False,0.012649909643502547,0.012446266120163951,0.0002036435233385963,0.0,0.511391830228852,0.511391830228852,True,0.7458277123603125,0.6902855696620549,0.055542142698257635,0.43786395530736133,0.9427071840167485,0.5048432287093871,True
scale_normalized,Cx22-Multi-Test:000004,00478,3,largest matched target instance,Crop centre and scale only; never model input or prediction guidance.,3,1,"[334, 150, 501, 317]",167,0.5057373046875,0.0098876953125,0.49169921875,0.5015869140625,0.43742961874077224,0.7232187632604251,0.15164047422111937,13715,12208,275,3352,1,False,0.02005103900838498,0.2745740498034076,0.2545230107950226,0.0,0.7735196139120957,0.7735196139120957,True,0.7836805616312813,0.5645958844890426,0.21908467714223867,0.31217427013434906,0.8170174988437362,0.5048432287093871,True
scale_normalized,Cx22-Multi-Test:000005,00479,4,largest matched target instance,Crop centre and scale only; never model input or prediction guidance.,6,1,"[100, -23, 276, 153]",176,0.5057373046875,0.0101318359375,0.49224853515625,0.50238037109375,0.47317733115595556,0.7753240216433874,0.17103064066852366,15299,16489,307,3283,1,False,0.02006667102424995,0.19910243192431318,0.17903576090006323,0.0,0.6980479960330013,0.6980479960330013,True,0.8079084537604291,0.34514895071623947,0.4627595030441896,0.0927273363615459,0.5975705650709331,0.5048432287093871,False
scale_normalized,Cx22-Multi-Test:000006,00480,5,largest matched target instance,Crop centre and scale only; never model input or prediction guidance.,10,11,"[320, 162, 489, 331]",169,0.5057373046875,0.00244140625,0.49957275390625,0.50201416015625,0.12595839499484393,0.24064171122994651,0.011275078759741337,14258,5564,68,11994,1,False,0.004769252349558143,2.1556434219985623,2.150874169649004,1.6566978578898741,2.6545889861072505,0.9978911282173764,False,0.7120283191868536,0.6755618059717879,0.036466513215065666,0.4231401916170944,0.9279834203264815,0.5048432287093871,True
scale_normalized,Cx22-Multi-Test:000007,00480,6,largest matched target instance,Crop centre and scale only; never model input or prediction guidance.,6,7,"[193, 101, 338, 246]",145,0.5057373046875,0.0037841796875,0.49468994140625,0.49847412109375,0.34549240161441885,0.6524857778877071,0.0384990253411306,10403,9812,79,4025,2,True,0.007593963279823128,0.4102119853240929,0.4026180220442698,0.0,0.909157549432781,0.909157549432781,True,0.7086539126157011,0.238827762036484,0.46982615057921706,0.0,0.4912493763911776,0.4912493763911776,False
scale_normalized,Cx22-Multi-Test:000008,00482,7,largest matched target instance,Crop centre and scale only; never model input or prediction guidance.,2,2,"[97, 171, 289, 363]",192,0.5057373046875,0.0111083984375,0.49029541015625,0.50140380859375,0.7294739455474293,0.8559824874704764,0.6029654036243822,18080,16638,424,183,3,True,0.023451327433628318,0.010998918139199423,0.012452409294428896,0.0,0.5099444822478875,0.5099444822478875,True,0.7666222973913192,0.6529037380491782,0.11371855934214092,0.40048212369448466,0.9053253524038718,0.5048432287093871,True
scale_normalized,Cx22-Multi-Test:000009,00483,8,largest matched target instance,Crop centre and scale only; never model input or prediction guidance.,7,5,"[237, 243, 406, 412]",169,0.5057373046875,0.00665283203125,0.49365234375,0.50030517578125,0.5906605967502976,0.8798857868020304,0.3014354066985646,14115,17405,185,233,4,True,0.013106624158696423,0.01338695777075553,0.0002803336120591072,0.0,0.5123325218794436,0.5123325218794436,True,0.7737818033181993,0.6692739209346286,0.10450788238357078,0.416852306579935,0.9216955352893221,0.5048432287093871,True
scale_normalized,Cx22-Multi-Test:000010,00485,9,largest matched target instance,Crop centre and scale only; never model input or prediction guidance.,0,1,"[204, 74, 356, 226]",152,0.5057373046875,0.01312255859375,0.49017333984375,0.5032958984375,0.8484274777414985,0.8370763576970192,0.8597785977859779,11337,15602,307,235,2,True,0.02707947428773044,0.015062171516472248,0.012017302771258192,0.0,0.5140077356251603,0.5140077356251603,True,0.7922617141760183,0.8053268605866952,0.013065146410676909,0.5529052462320017,1.0,0.44709475376799834,True
scale_normalized,Cx22-Multi-Test:000011,00485,10,largest matched target instance,Crop centre and scale only; never model input or prediction guidance.,1,0,"[-8, 8, 195, 211]",203,0.5057373046875,0.00439453125,0.49725341796875,0.50164794921875,0.8715473967921488,0.9240471745366786,0.819047619047619,20491,23431,177,243,1,False,0.008637938607193403,0.010370876189663267,0.0017329375824698644,0.0,0.5093164402983513,0.5093164402983513,True,0.7803501634546878,0.7434742809372067,0.036875882517481084,0.4910526665825131,0.9958958952919003,0.5048432287093871,True
scale_normalized,Cx22-Multi-Test:000012,00487,11,largest matched target instance,Crop centre and scale only; never model input or prediction guidance.,2,3,"[252, 37, 349, 134]",97,0.5057373046875,0.0069580078125,0.498291015625,0.5052490234375,0.8393354208221437,0.8879731672256828,0.7906976744186046,4687,5748,70,102,1,False,0.014934926392148495,0.017745302713987474,0.002810376321838979,0.0,0.5166908668226755,0.5166908668226755,True,0.780144673267672,0.7979331457011438,0.017788472433471814,0.5455115313464503,1.0,0.45448846865354975,True
scale_normalized,Cx22-Multi-Test:000013,00488,12,largest matched target instance,Crop centre and scale only; never model input or prediction guidance.,0,2,"[154, -9, 296, 133]",142,0.5057373046875,0.0123291015625,0.48516845703125,0.49749755859375,0.7554574779843166,0.8611385029134917,0.6497764530551415,9805,12505,258,413,1,False,0.026313105558388578,0.03302678928428628,0.006713683725897705,0.0,0.5319723533929743,0.5319723533929743,True,0.8034814299816008,0.7199129953961175,0.08356843458548324,0.46749138104142396,0.9723346097508111,0.5048432287093871,True
scale_normalized,Cx22-Multi-Test:000014,00488,13,largest matched target instance,Crop centre and scale only; never model input or prediction guidance.,4,4,"[211, -14, 341, 116]",130,0.5057373046875,0.01422119140625,0.4803466796875,0.49456787109375,0.8503911395123014,0.825184192900201,0.8755980861244019,8127,11282,233,185,1,False,0.028669865879168206,0.016397801808190036,0.01227206407097817,0.0,0.5153433659168781,0.5153433659168781,True,0.7239864386433409,0.810089777410048,0.08610333876670706,0.5576681630553544,1.0,0.4423318369446456,True
scale_normalized,Cx22-Multi-Test:000015,00489,14,largest matched target instance,Crop centre and scale only; never model input or prediction guidance.,3,3,"[205, 285, 378, 458]",173,0.5057373046875,0.012939453125,0.49432373046875,0.50726318359375,0.8377946930523164,0.8700014932059131,0.8055878928987195,14748,18737,386,473,2,True,0.02617304041225929,0.025244169290708225,0.0009288711215510656,0.0,0.5241897333993963,0.5241897333993963,True,0.8298487698673568,0.6210129554213606,0.2088358144459962,0.368591341066667,0.8734345697760542,0.5048432287093871,True
scale_normalized,Cx22-Multi-Test:000016,00489,15,largest matched target instance,Crop centre and scale only; never model input or prediction guidance.,8,8,"[318, 163, 448, 293]",130,0.5057373046875,0.031005859375,0.46783447265625,0.49884033203125,0.8863728382588961,0.8949560909705021,0.8777895855472901,7982,9782,508,433,2,True,0.06364319719368579,0.04426497648742588,0.019378220706259906,0.0,0.543210540596114,0.543210540596114,True,0.813568255535554,0.846462404426713,0.03289414889115905,0.5940407900720195,1.0,0.4059592099279805,True
scale_normalized,Cx22-Multi-Test:000017,00490,16,largest matched target instance,Crop centre and scale only; never model input or prediction guidance.,9,2,"[221, 16, 331, 126]",110,0.5057373046875,0.0072021484375,0.497314453125,0.5045166015625,0.6391988028087947,0.8972211350293542,0.3811764705882353,6003,6772,87,338,1,False,0.014492753623188406,0.04991139988186651,0.035418646258678105,0.0,0.5488569639905546,0.5488569639905546,True,0.7920177726271909,0.6901871312825456,0.10183064134464526,0.43776551692785204,0.9426087456372392,0.5048432287093871,True
scale_normalized,Cx22-Multi-Test:000018,00490,17,largest matched target instance,Crop centre and scale only; never model input or prediction guidance.,0,3,"[-9, 33, 138, 180]",147,0.5057373046875,0.01239013671875,0.4913330078125,0.50372314453125,0.8244340152997401,0.8607492187182921,0.7881188118811882,10637,14002,273,232,1,False,0.025665131145999814,0.016569061562633908,0.009096069583365906,0.0,0.515514625671322,0.515514625671322,True,0.671765690342841,0.6791171263118987,0.00735143596905774,0.4266955119572051,0.9315387406665923,0.5048432287093871,True
scale_normalized,Cx22-Multi-Test:000019,00491,18,largest matched target instance,Crop centre and scale only; never model input or prediction guidance.,7,5,"[223, 142, 425, 344]",202,0.5057373046875,0.0089111328125,0.49432373046875,0.50323486328125,0.8001850986176642,0.8978612366618517,0.7025089605734767,20165,22757,362,196,2,True,0.01795189685097942,0.008612734543217471,0.00933916230776195,0.0,0.5075582986519055,0.5075582986519055,True,0.7831129449269728,0.7111507168530324,0.07196222807394037,0.45872910249833887,0.963572331207726,0.5048432287093871,True
scale_normalized,Cx22-Multi-Test:000020,00492,19,largest matched target instance,Crop centre and scale only; never model input or prediction guidance.,4,4,"[174, 298, 340, 464]",166,0.5057373046875,0.0096435546875,0.4952392578125,0.5048828125,0.634599012269185,0.8792053828900993,0.3899926416482708,13652,14437,266,1093,4,True,0.01948432464107823,0.07570824963635105,0.05622392499527282,0.0,0.5746538137450391,0.5746538137450391,True,0.8215204101464962,0.26001087727786204,0.5615095328686341,0.007589262923168472,0.5124324916325556,0.5048432287093871,False
scale_normalized,Cx22-Multi-Test:000021,00493,20,largest matched target instance,Crop centre and scale only; never model input or prediction guidance.,5,2,"[2, 81, 113, 192]",111,0.5057373046875,0.008056640625,0.49676513671875,0.50482177734375,0.42148948187713003,0.7430270175745388,0.0999519461797213,6123,5314,104,1977,1,False,0.016985138004246284,0.3720361309747836,0.3550509929705373,0.0,0.8709816950834717,0.8709816950834717,True,0.7428451781348111,0.22482946874799462,0.5180157093868165,0.0,0.47725108310268816,0.47725108310268816,False
scale_normalized,Cx22-Multi-Test:000022,00493,21,largest matched target instance,Crop centre and scale only; never model input or prediction guidance.,5,4,"[9, 362, 148, 501]",139,0.5057373046875,0.0108642578125,0.3558349609375,0.36669921875,0.3575171976910335,0.5946080052927556,0.12042639008931144,6811,5281,215,3256,1,False,0.03156658346791954,0.6165498958530581,0.5849833123851386,0.11760433174437002,1.1154954599617461,0.9978911282173761,False,0.7763701535268707,0.4271526439790684,0.3492175095478023,0.1747310296243748,0.679574258333762,0.5048432287093871,False
scale_normalized,Cx22-Multi-Test:000023,00494,22,largest matched target instance,Crop centre and scale only; never model input or prediction guidance.,7,7,"[72, 116, 149, 193]",77,0.5057373046875,0.0064697265625,0.484619140625,0.4910888671875,0.5153809454666142,0.833578792341679,0.19718309859154928,2884,3227,38,104,1,False,0.013176144244105409,0.03222807561202355,0.01905193136791814,0.0,0.5311736397207116,0.5311736397207116,True,0.8384632543695658,0.7106922624086679,0.12777099196089792,0.4582706480539743,0.9631138767633615,0.5048432287093871,True
scale_normalized,Cx22-Multi-Test:000024,00496,23,largest matched target instance,Crop centre and scale only; never model input or prediction guidance.,2,4,"[225, 202, 422, 399]",197,0.5057373046875,0.011962890625,0.493896484375,0.505859375,0.4133831834149445,0.6958354358989581,0.13093093093093094,19164,14525,457,6203,1,False,0.023846796075975788,0.42705679862306367,0.4032100025470879,0.0,0.9260023627317517,0.9260023627317517,True,0.8148802204805685,0.26995882280583355,0.5449213976747349,0.017537208451139985,0.5223804371605272,0.5048432287093871,False
scale_normalized,Cx22-Multi-Test:000025,00497,24,largest matched target instance,Crop centre and scale only; never model input or prediction guidance.,5,5,"[181, 149, 394, 362]",213,0.5057373046875,0.0074462890625,0.497314453125,0.5047607421875,0.07802082179679248,0.12461320268179474,0.031428440911790236,22522,8502,344,21547,2,True,0.015273954355741054,2.5343448600329332,2.519070905677192,2.035399295924245,3.0332904241416214,0.9978911282173764,False,0.7894964111518215,0.6445529565937737,0.1449434545580478,0.3921313422390801,0.8969745709484672,0.5048432287093871,True
scale_normalized,Cx22-Multi-Test:000026,00498,25,largest matched target instance,Crop centre and scale only; never model input or prediction guidance.,2,2,"[16, 101, 122, 207]",106,0.5057373046875,0.00567626953125,0.49627685546875,0.501953125,0.6614672393844138,0.8819895968790638,0.4409448818897638,5562,6742,65,189,1,False,0.011686443725278677,0.028033224562444378,0.016346780837165703,0.0,0.5269787886711325,0.5269787886711325,True,0.8250857979945132,0.5393218758353538,0.28576392215915936,0.2869002614806603,0.7917434901900474,0.5048432287093871,False
scale_normalized,Cx22-Multi-Test:000027,00499,26,largest matched target instance,Crop centre and scale only; never model input or prediction guidance.,7,7,"[233, -22, 399, 144]",166,0.5057373046875,0.005859375,0.47882080078125,0.48468017578125,0.3433405367201876,0.6236351182561747,0.06304595518420053,13179,11640,166,5100,3,True,0.012595796342666363,0.4381443298969072,0.4255485335542408,0.0,0.9370898940055953,0.9370898940055953,True,0.8146119618061203,0.23611213628490269,0.5784998255212176,0.0,0.48853375063959625,0.48853375063959625,False
scale_normalized,Cx22-Multi-Test:000028,00500,27,largest matched target instance,Crop centre and scale only; never model input or prediction guidance.,14,14,"[386, 266, 527, 407]",141,0.5057373046875,0.00323486328125,0.49725341796875,0.50048828125,0.4873044104642406,0.8482071899396942,0.12640163098878696,9919,11472,63,918,3,True,0.006351446718419196,0.08002092050209204,0.07366947378367285,0.0,0.5789664846107802,0.5789664846107802,True,0.793351728840878,0.46006811602386066,0.33328361281701735,0.2076465016691671,0.7124897303785542,0.5048432287093871,False
scale_normalized,Cx22-Multi-Test:000029,00501,28,largest matched target instance,Crop centre and scale only; never model input or prediction guidance.,2,1,"[222, 83, 364, 225]",142,0.5057373046875,0.01007080078125,0.49298095703125,0.5030517578125,0.5445080621584546,0.7961859356376639,0.29283018867924526,9956,12697,194,1131,1,False,0.019485737243873043,0.08907615972276915,0.0695904224788961,0.0,0.5880217238314572,0.5880217238314572,True,0.7761923967365711,0.5823309026522362,0.19386149408433495,0.3299092882975426,0.8347525170069298,0.5048432287093871,True
scale_normalized,Cx22-Multi-Test:000030,00501,29,largest matched target instance,Crop centre and scale only; never model input or prediction guidance.,2,0,"[-4, 133, 89, 226]",93,0.5057373046875,0.0123291015625,0.48748779296875,0.49981689453125,0.7200385801783222,0.8702141466580143,0.5698630136986301,4214,5032,110,255,1,False,0.026103464641670623,0.05067567567567568,0.024572211034005056,0.0,0.5496212397843637,0.5496212397843637,True,0.788921117312451,0.8400943789759613,0.05117326166351033,0.5876727646212677,1.0,0.4123272353787323,True
scale_normalized,Cx22-Multi-Test:000031,00502,30,largest matched target instance,Crop centre and scale only; never model input or prediction guidance.,8,8,"[293, 269, 494, 470]",201,0.5057373046875,0.0145263671875,0.487060546875,0.5015869140625,0.5367266918072287,0.8122161784520185,0.2612372051624388,19667,20411,590,3904,2,True,0.029999491534041797,0.19126941355151633,0.16126992201747453,0.0,0.6902149776602045,0.6902149776602045,True,0.7967218586592105,0.4524590023714343,0.3442628562877762,0.20003738801674076,0.7048806167261279,0.5048432287093871,False
scale_normalized,Cx22-Multi-Test:000032,00502,31,largest matched target instance,Crop centre and scale only; never model input or prediction guidance.,2,2,"[109, 158, 242, 291]",133,0.5057373046875,0.00946044921875,0.4912109375,0.50067138671875,0.8468593745455315,0.913471835510816,0.7802469135802469,8693,9983,169,236,2,True,0.019440929483492464,0.023640188320144244,0.00419925883665178,0.0,0.5225857524288323,0.5225857524288323,True,0.8030940594508736,0.8514205943243266,0.04832653487345295,0.598998979969633,1.0,0.401001020030367,True
scale_normalized,Cx22-Multi-Test:000033,00503,32,largest matched target instance,Crop centre and scale only; never model input or prediction guidance.,4,4,"[58, 38, 198, 178]",140,0.5057373046875,0.02642822265625,0.4769287109375,0.50335693359375,0.8932347174845052,0.8952874462260462,0.8911819887429644,9326,11130,520,546,3,True,0.05575809564657946,0.04905660377358491,0.006701491872994549,0.0,0.548002167882273,0.548002167882273,True,0.8146202957681649,0.86371601011893,0.049095714350765096,0.6112943957642364,1.0,0.3887056042357636,True
scale_normalized,Cx22-Multi-Test:000034,00505,33,largest matched target instance,Crop centre and scale only; never model input or prediction guidance.,3,3,"[133, 158, 293, 318]",160,0.5057373046875,0.0126953125,0.4925537109375,0.5052490234375,0.5888667698242347,0.8495850198291017,0.32814851981936777,12588,11871,327,1666,1,False,0.025977121067683507,0.1403420099401904,0.11436488887250688,0.0,0.6392875740488785,0.6392875740488785,True,0.7293137638999073,0.3059092082099234,0.4234045556899839,0.05348759385522983,0.558330822564617,0.5048432287093871,False
scale_normalized,Cx22-Multi-Test:000035,00505,34,largest matched target instance,Crop centre and scale only; never model input or prediction guidance.,1,3,"[155, 32, 355, 232]",200,0.5057373046875,0.0087890625,0.4952392578125,0.5040283203125,0.14046740818404074,0.23997959248748446,0.04095522388059702,19812,11549,343,16407,2,True,0.017312739753684636,1.4206424798683868,1.4033297401147022,0.9216969157596987,1.919588043977075,0.9978911282173762,False,0.8408588636677646,0.49289653511787235,0.3479623285498923,0.24047492076317878,0.7453181494725659,0.5048432287093871,False
scale_normalized,Cx22-Multi-Test:000036,00507,35,largest matched target instance,Crop centre and scale only; never model input or prediction guidance.,2,9,"[-9, 134, 173, 316]",182,0.5057373046875,0.00732421875,0.4952392578125,0.5025634765625,0.8464749330122714,0.8323729429476198,0.8605769230769231,16391,22135,237,179,2,True,0.014459154414007688,0.008086740456290943,0.006372413957716745,0.0,0.507032304564979,0.507032304564979,True,0.8409528396958356,0.7117917648176433,0.12916107487819228,0.4593701504629497,0.9642133791723368,0.5048432287093871,True
scale_normalized,Cx22-Multi-Test:000037,00508,36,largest matched target instance,Crop centre and scale only; never model input or prediction guidance.,35,15,"[241, 145, 316, 220]",75,0.5057373046875,0.0123291015625,0.48541259765625,0.49774169921875,0.5864372740661401,0.8144329896907216,0.35844155844155845,2728,3286,69,316,2,True,0.025293255131964808,0.09616555082166768,0.07087229568970288,0.0,0.5951111149303557,0.5951111149303557,True,0.838463273094176,0.32635453133944115,0.5121087417547349,0.07393291698474758,0.5787761456941347,0.5048432287093871,False
scale_normalized,Cx22-Multi-Test:000038,00510,37,largest matched target instance,Crop centre and scale only; never model input or prediction guidance.,8,4,"[87, 118, 239, 270]",152,0.5057373046875,0.00762939453125,0.49365234375,0.50128173828125,0.6610561025042512,0.8792550621513594,0.44285714285714284,11439,11328,174,526,2,True,0.015211119853134015,0.04643361581920904,0.03122249596607502,0.0,0.5453791799278971,0.5453791799278971,True,0.8476427175665993,0.33423491128899235,0.5134078062776068,0.08181329693429878,0.586656525643686,0.5048432287093871,False
scale_normalized,Cx22-Multi-Test:000039,00513,38,largest matched target instance,Crop centre and scale only; never model input or prediction guidance.,2,7,"[231, 37, 308, 114]",77,0.5057373046875,0.01092529296875,0.486572265625,0.49749755859375,0.0869246456060565,0.12578616352201258,0.04806312769010043,2892,1242,67,2721,1,False,0.023167358229598894,2.1908212560386473,2.1676538978090485,1.6918756919299591,2.6897668201473355,0.9978911282173764,False,0.8500323048667164,0.8224402523312588,0.0275920525354576,0.5700186379765653,1.0,0.42998136202343473,True
scale_normalized,Cx22-Multi-Test:000040,00514,39,largest matched target instance,Crop centre and scale only; never model input or prediction guidance.,7,8,"[341, -8, 483, 134]",142,0.5057373046875,0.0126953125,0.48785400390625,0.50054931640625,0.32761061532302377,0.543189844421113,0.11203138622493461,9814,11140,257,4331,3,True,0.026187079682086816,0.38877917414721724,0.3625920944651304,0.0,0.8877247382559053,0.8877247382559053,True,0.8176145461852959,0.7032972890022245,0.1143172571830714,0.450875674647531,0.9557189033569181,0.5048432287093871,True
scale_normalized,Cx22-Multi-Test:000041,00515,40,largest matched target instance,Crop centre and scale only; never model input or prediction guidance.,2,3,"[-15, 340, 91, 446]",106,0.5057373046875,0.0047607421875,0.49951171875,0.5042724609375,0.3166406497672876,0.5939001462293713,0.03938115330520394,5603,3971,56,2788,1,False,0.009994645725504195,0.7020901536136993,0.6920955078881951,0.20314458950501124,1.2010357177223874,0.9978911282173761,False,0.7703163964362449,0.52297740519099,0.24733899124525494,0.27055579083629644,0.7753990195456836,0.5048432287093871,True
scale_normalized,Cx22-Multi-Test:000042,00517,41,largest matched target instance,Crop centre and scale only; never model input or prediction guidance.,12,4,"[31, 126, 167, 262]",136,0.5057373046875,0.00640869140625,0.49200439453125,0.4984130859375,0.5735437322534097,0.8981985756179305,0.24888888888888888,9107,9989,111,564,1,False,0.012188426485121336,0.056462108319151064,0.04427368183402973,0.0,0.5554076724278392,0.5554076724278392,True,0.7805637211630047,0.353263492834122,0.42730022832888265,0.10084187847942844,0.6056851071888156,0.5048432287093871,False
scale_normalized,Cx22-Multi-Test:000043,00517,42,largest matched target instance,Crop centre and scale only; never model input or prediction guidance.,7,1,"[258, 45, 416, 203]",158,0.5057373046875,0.0032958984375,0.49884033203125,0.50213623046875,0.38579618960184914,0.7274320073268825,0.044160371876815804,12456,12657,79,3363,1,False,0.006342324983943481,0.2657027731689974,0.2593604481850539,0.0,0.7646483372776854,0.7646483372776854,True,0.8515791872517922,0.1631087380245043,0.6884704492272878,0.0,0.4155303523791979,0.4155303523791979,False
scale_normalized,Cx22-Multi-Test:000044,00517,43,largest matched target instance,Crop centre and scale only; never model input or prediction guidance.,4,1,"[31, 0, 127, 96]",96,0.5057373046875,0.008544921875,0.4921875,0.500732421875,0.4469418599367013,0.74791215589236,0.14597156398104266,4539,5160,80,975,2,True,0.01762502753910553,0.18895348837209303,0.1713284608329875,0.0,0.6878990524807811,0.6878990524807811,True,0.7965296917720049,0.45438487299052893,0.342144818781476,0.20196325863583536,0.7068064873452224,0.5048432287093871,False
scale_normalized,Cx22-Multi-Test:000045,00518,44,largest matched target instance,Crop centre and scale only; never model input or prediction guidance.,10,29,"[175, 174, 240, 239]",65,0.5057373046875,0.006103515625,0.48565673828125,0.49176025390625,0.2283941038921813,0.4225181598062954,0.03427004797806717,2063,1241,25,1434,2,True,0.012118274357731459,1.1555197421434327,1.1434014677857012,0.6565741780347446,1.6544653062521206,0.997891128217376,False,0.786078765420955,0.7107392169430954,0.07533954847785962,0.4583176025884018,0.963160831297789,0.5048432287093871,True
scale_normalized,Cx22-Multi-Test:000046,00520,45,largest matched target instance,Crop centre and scale only; never model input or prediction guidance.,32,36,"[380, 120, 437, 177]",57,0.5057373046875,0.00714111328125,0.48675537109375,0.493896484375,0.3058400014921754,0.5576259489302967,0.05405405405405406,1577,1321,22,792,1,False,0.013950538998097653,0.5995457986373959,0.5855952596392983,0.10060023452870781,1.098491362746084,0.9978911282173761,False,0.8982491906543908,0.1807831826462506,0.7174660080081402,0.0,0.43320479700094416,0.43320479700094416,False
scale_normalized,Cx22-Multi-Test:000047,00521,46,largest matched target instance,Crop centre and scale only; never model input or prediction guidance.,4,4,"[365, 73, 494, 202]",129,0.5057373046875,0.00408935546875,0.49737548828125,0.50146484375,0.4236624775925764,0.7744196233026719,0.07290533188248095,8319,7662,67,1771,1,False,0.00805385262651761,0.2311406943356826,0.22308684170916498,0.0,0.7300862584443707,0.7300862584443707,True,0.7750758579430699,0.554412167149147,0.2206636907939229,0.3019905527944534,0.8068337815038406,0.5048432287093871,True
scale_normalized,Cx22-Multi-Test:000048,00522,47,largest matched target instance,Crop centre and scale only; never model input or prediction guidance.,6,1,"[99, 28, 275, 204]",176,0.5057373046875,0.01519775390625,0.49029541015625,0.5054931640625,0.44637184878109193,0.7139896737030663,0.1787540238591176,15170,13301,472,4809,2,True,0.031114040870138433,0.3615517630253364,0.330437722155198,0.0,0.8604973271340245,0.8604973271340245,True,0.8228819745008793,0.23524622454916266,0.5876357499517166,0.0,0.48766783890385623,0.48766783890385623,False
scale_normalized,Cx22-Multi-Test:000049,00523,48,largest matched target instance,Crop centre and scale only; never model input or prediction guidance.,0,5,"[354, 185, 436, 267]",82,0.5057373046875,0.01019287109375,0.49627685546875,0.5064697265625,0.6318007518586192,0.8739166899636567,0.38968481375358166,3325,3829,69,280,1,False,0.02075187969924812,0.07312614259597806,0.052374262896729945,0.0,0.5720717067046661,0.5720717067046661,True,0.7660880124880742,0.2393703066416256,0.5267177058464486,0.0,0.4917919209963192,0.4917919209963192,False
scale_normalized,Cx22-Multi-Test:000050,00524,49,largest matched target instance,Crop centre and scale only; never model input or prediction guidance.,18,6,"[425, 8, 499, 82]",74,0.5057373046875,0.007080078125,0.49530029296875,0.50238037109375,0.6131632247361047,0.8718960697253741,0.35443037974683544,2709,3372,38,41,3,True,0.014027316352897749,0.012158956109134046,0.0018683602437637031,0.0,0.5111045202178222,0.5111045202178222,True,0.8384632543695658,0.8031141418478369,0.0353491125217289,0.5506925274931433,1.0,0.44930747250685665,True
scale_normalized,Cx22-Multi-Test:000051,00526,50,largest matched target instance,Crop centre and scale only; never model input or prediction guidance.,5,12,"[195, 314, 262, 381]",67,0.5057373046875,0.0068359375,0.49920654296875,0.50604248046875,0.18526913699776296,0.3343866704969836,0.036151603498542274,2235,1246,31,1684,1,False,0.013870246085011185,1.3515248796147672,1.337654633529756,0.8525793155060791,1.8504704437234554,0.9978911282173762,False,0.8867595726417237,0.6221248626345509,0.26463471000717276,0.36970324827985734,0.8745464769892445,0.5048432287093871,False
scale_normalized,Cx22-Multi-Test:000052,00527,51,largest matched target instance,Crop centre and scale only; never model input or prediction guidance.,4,4,"[243, 171, 348, 276]",105,0.5057373046875,0.01953125,0.48028564453125,0.49981689453125,0.7946747085127133,0.8480052215060782,0.7413441955193483,5298,6959,217,274,2,True,0.04095885239713099,0.03937347320017244,0.0015853791969585515,0.0,0.5383190373088605,0.5383190373088605,True,0.803470202918745,0.6772432473787726,0.12622695553997243,0.42482163302407905,0.9296648617334662,0.5048432287093871,True
scale_normalized,Cx22-Multi-Test:000053,00527,52,largest matched target instance,Crop centre and scale only; never model input or prediction guidance.,3,3,"[280, 250, 395, 365]",115,0.5057373046875,0.00677490234375,0.4962158203125,0.50299072265625,0.4238776405893897,0.7515904271432899,0.09616485403548941,6559,6645,91,1656,1,False,0.013874066168623266,0.2492099322799097,0.23533586611128643,0.0,0.7481554963885978,0.7481554963885978,True,0.7762623915045705,0.5278250093304809,0.24843738217408962,0.27540339497578736,0.7802466236851745,0.5048432287093871,True
scale_normalized,Cx22-Multi-Test:000054,00528,53,largest matched target instance,Crop centre and scale only; never model input or prediction guidance.,2,2,"[284, 173, 459, 348]",175,0.5057373046875,0.02813720703125,0.47540283203125,0.5035400390625,0.13355445347662,0.15126632370399684,0.1158425832492432,14557,5659,861,14004,1,False,0.059146802225733326,2.4746421629263122,2.4154953607005787,1.975696598817624,2.9735877270350004,0.9978911282173764,False,0.7820797403446273,0.6813281811375772,0.10075155920705015,0.42890656678288364,0.9337497954922708,0.5048432287093871,True
scale_normalized,Cx22-Multi-Test:000055,00529,54,largest matched target instance,Crop centre and scale only; never model input or prediction guidance.,17,15,"[351, 80, 445, 174]",94,0.5057373046875,0.01904296875,0.453369140625,0.472412109375,0.6643903875822685,0.8562069355020897,0.47257383966244726,4011,4842,166,308,3,True,0.04138618798304662,0.06361007847996696,0.022223890496920334,0.0,0.562555642588655,0.562555642588655,True,0.8380986914472578,0.41674680239020184,0.42135188905705595,0.16432518803550827,0.6691684167448955,0.5048432287093871,False
scale_normalized,Cx22-Multi-Test:000056,00529,55,largest matched target instance,Crop centre and scale only; never model input or prediction guidance.,13,19,"[324, 53, 409, 138]",85,0.5057373046875,0.0162353515625,0.29132080078125,0.30755615234375,0.5339998309386786,0.5844175723251186,0.4835820895522388,2120,4413,117,218,2,True,0.05518867924528302,0.049399501472920916,0.005789177772362104,0.0,0.548345065581609,0.548345065581609,True,0.8486232453778072,0.803643759745167,0.044979485632640204,0.5512221453904734,1.0,0.44877785460952657,True
scale_normalized,Cx22-Multi-Test:000057,00531,56,largest matched target instance,Crop centre and scale only; never model input or prediction guidance.,5,10,"[186, 18, 321, 153]",135,0.5057373046875,0.0179443359375,0.48712158203125,0.50506591796875,0.7033067424838964,0.8780302206761604,0.5285832642916322,8840,9558,334,873,1,False,0.03778280542986425,0.09133709981167608,0.05355429438181183,0.0,0.5902826639203641,0.5902826639203641,True,0.827595239929822,0.624394530827158,0.20320070910266397,0.37197291647246444,0.8768161451818516,0.5048432287093871,True
scale_normalized,Cx22-Multi-Test:000058,00532,57,largest matched target instance,Crop centre and scale only; never model input or prediction guidance.,1,0,"[168, 61, 351, 244]",183,0.5057373046875,0.019775390625,0.4859619140625,0.5057373046875,0.5490477727101013,0.7922934976386325,0.30580204778156994,16254,15719,673,3722,2,True,0.041405192567983265,0.23678351040142503,0.19537831783344178,0.0,0.735729074510113,0.735729074510113,True,0.7891101374756009,0.3848797491897609,0.40423038828583996,0.13245813483506735,0.6373013635444544,0.5048432287093871,False
scale_normalized,Cx22-Multi-Test:000059,00532,58,largest matched target instance,Crop centre and scale only; never model input or prediction guidance.,0,4,"[106, 110, 234, 238]",128,0.5057373046875,0.0140380859375,0.4886474609375,0.502685546875,0.5564744387002867,0.829740857350448,0.2832080200501253,8006,8510,230,1366,1,False,0.028728453659755182,0.16051703877790835,0.13178858511815317,0.0,0.6594626028865964,0.6594626028865964,True,0.8577305208567262,0.5281438212729788,0.3295866995837474,0.2757222069182852,0.7805654356276723,0.5048432287093871,False
scale_normalized,Cx22-Multi-Test:000060,00533,59,largest matched target instance,Crop centre and scale only; never model input or prediction guidance.,1,0,"[20, -14, 225, 191]",205,0.5057373046875,0.01885986328125,0.48504638671875,0.50390625,0.8334203372801945,0.817370709896078,0.8494699646643109,20338,28641,790,625,2,True,0.03884354410463172,0.021821863761740164,0.017021680342891556,0.0,0.5207674278704282,0.5207674278704282,True,0.8200514894979472,0.7515232631634353,0.06852822633451183,0.49910164880874175,1.0,0.5008983511912583,True
scale_normalized,Cx22-Multi-Test:000061,00534,60,largest matched target instance,Crop centre and scale only; never model input or prediction guidance.,10,0,"[95, 29, 165, 99]",70,0.5057373046875,0.01495361328125,0.48516845703125,0.5001220703125,0.5425358539765319,0.7966101694915254,0.28846153846153844,2369,2705,75,445,1,False,0.031658927817644573,0.1645101663585952,0.13285123854095063,0.0,0.6634557304672832,0.6634557304672832,True,0.7689393938672696,0.45331613852408853,0.3156232553431811,0.20089452416939496,0.705737752878782,0.5048432287093871,False
scale_normalized,Cx22-Multi-Test:000062,00536,61,largest matched target instance,Crop centre and scale only; never model input or prediction guidance.,12,15,"[257, 402, 382, 527]",125,0.5057373046875,0.00799560546875,0.4998779296875,0.50787353515625,0.5368434706657138,0.842150015183723,0.2315369261477046,7762,8703,122,880,3,True,0.01571759855707292,0.10111455819832242,0.0853969596412495,0.0,0.6000601223070104,0.6000601223070104,True,0.7710867473448841,0.3033339227203391,0.46775282462454504,0.05091230836564553,0.5557555370750327,0.5048432287093871,False
scale_normalized,Cx22-Multi-Test:000063,00536,62,largest matched target instance,Crop centre and scale only; never model input or prediction guidance.,5,3,"[138, 199, 272, 333]",134,0.5057373046875,0.00555419921875,0.49658203125,0.50213623046875,0.4525682214711972,0.8054800855540782,0.09965635738831616,8936,8363,91,1655,2,True,0.010183527305282006,0.19789549204830803,0.18771196474302604,0.0,0.6968410561569961,0.6968410561569961,True,0.7354101009334962,0.7549370979613935,0.019526997027897286,0.5025154836067,1.0,0.49748451639330005,True
scale_normalized,Cx22-Multi-Test:000064,00538,63,largest matched target instance,Crop centre and scale only; never model input or prediction guidance.,3,0,"[-36, 241, 208, 485]",244,0.5057373046875,0.00518798828125,0.49713134765625,0.5023193359375,0.4273177832832237,0.774433061903511,0.08020250466293631,29618,27487,301,7205,2,True,0.01016273887500844,0.26212391312256705,0.2519611742475586,0.0,0.7610694772312552,0.7610694772312552,True,0.8017043368079986,0.5348427064315188,0.2668616303764798,0.2824210920768252,0.7872643207862123,0.5048432287093871,False
scale_normalized,Cx22-Multi-Test:000065,00539,64,largest matched target instance,Crop centre and scale only; never model input or prediction guidance.,4,2,"[174, 309, 283, 418]",109,0.5057373046875,0.0068359375,0.4869384765625,0.4937744140625,0.8467008868324658,0.8831453634085213,0.8102564102564103,5782,6986,84,111,2,True,0.014527845036319613,0.01588892069853994,0.0013610756622203252,0.0,0.514834484807228,0.514834484807228,True,0.7280614607524778,0.8090594231490545,0.08099796239657675,0.556637808794361,1.0,0.443362191205639,True
scale_normalized,Cx22-Multi-Test:000066,00540,65,largest matched target instance,Crop centre and scale only; never model input or prediction guidance.,15,10,"[75, 163, 185, 273]",110,0.5057373046875,0.00958251953125,0.49200439453125,0.5015869140625,0.7577537726858592,0.814777618364419,0.7007299270072993,5957,7983,112,162,5,True,0.01880141010575793,0.020293122886133032,0.0014917127803751005,0.0,0.5192386869948211,0.5192386869948211,True,0.8419279785611757,0.8596194268339203,0.017691448272744603,0.6071978124792268,1.0,0.3928021875207732,True
scale_normalized,Cx22-Multi-Test:000067,00542,66,largest matched target instance,Crop centre and scale only; never model input or prediction guidance.,3,6,"[360, 214, 528, 382]",168,0.5057373046875,0.0093994140625,0.49407958984375,0.50347900390625,0.488431178666871,0.7568281107583996,0.22003424657534246,13910,17907,257,2079,2,True,0.01847591660675773,0.11609984922097503,0.09762393261421731,0.0,0.6150454133296631,0.6150454133296631,True,0.7874829313836107,0.5538115209658675,0.2336714104177432,0.30138990661117393,0.8062331353205611,0.5048432287093871,True
scale_normalized,Cx22-Multi-Test:000068,00544,67,largest matched target instance,Crop centre and scale only; never model input or prediction guidance.,6,13,"[391, 141, 564, 314]",173,0.5057373046875,0.0054931640625,0.27117919921875,0.27667236328125,0.39867225160367703,0.5720885305111083,0.22525597269624573,8008,15803,166,1299,2,True,0.020729270729270728,0.08219958235778017,0.061470311628509446,0.0,0.5811451464664682,0.5811451464664682,True,0.7246108625959067,0.2875360939680017,0.43707476862790495,0.03511447961330816,0.5399577083226953,0.5048432287093871,False
scale_normalized,Cx22-Multi-Test:000069,00546,68,largest matched target instance,Crop centre and scale only; never model input or prediction guidance.,0,2,"[82, 98, 229, 245]",147,0.5057373046875,0.01287841796875,0.4892578125,0.50213623046875,0.7941272704434456,0.8929420408868911,0.6953125,10621,12516,268,500,2,True,0.025233028904999528,0.039948865452221156,0.014715836547221629,0.0,0.5388944295609093,0.5388944295609093,True,0.6980555285377728,0.6659926566914276,0.03206287184634515,0.41357104233673403,0.9184142710461212,0.5048432287093871,True
scale_normalized,Cx22-Multi-Test:000070,00546,69,largest matched target instance,Crop centre and scale only; never model input or prediction guidance.,0,8,"[336, 268, 451, 383]",115,0.5057373046875,0.013916015625,0.38275146484375,0.39666748046875,0.5694106108705536,0.8081264108352144,0.3306948109058927,5049,5140,189,948,1,False,0.0374331550802139,0.18443579766536966,0.14700264258515577,0.0,0.6833813617740577,0.6833813617740577,True,0.7440263236987318,0.6334386562141535,0.11058766748457827,0.38101704185945995,0.8858602705688471,0.5048432287093871,True
scale_normalized,Cx22-Multi-Test:000071,00547,70,largest matched target instance,Crop centre and scale only; never model input or prediction guidance.,2,2,"[168, 258, 357, 447]",189,0.5057373046875,0.00732421875,0.47918701171875,0.48651123046875,0.8101992199846291,0.8294379879918571,0.7909604519774012,17052,21755,260,271,2,True,0.015247478301665493,0.012456906458285451,0.0027905718433800415,0.0,0.5114024705669735,0.5114024705669735,True,0.7885430369690016,0.7693451690388405,0.019197867930161094,0.516923554684147,1.0,0.48307644531585303,True
scale_normalized,Cx22-Multi-Test:000072,00549,71,largest matched target instance,Crop centre and scale only; never model input or prediction guidance.,0,3,"[30, 336, 216, 522]",186,0.5057373046875,0.016357421875,0.48828125,0.504638671875,0.6153479088920681,0.809242793820652,0.4214530239634842,16908,21219,554,2075,2,True,0.032765554766974216,0.09778971676327819,0.06502416199630398,0.0,0.5967352808719663,0.5967352808719663,True,0.8351970460854043,0.5971997297831734,0.23799731630223098,0.3447781154284798,0.8496213441378669,0.5048432287093871,True
scale_normalized,Cx22-Multi-Test:000073,00550,72,largest matched target instance,Crop centre and scale only; never model input or prediction guidance.,15,2,"[-7, 355, 83, 445]",90,0.5057373046875,0.02996826171875,0.4671630859375,0.49713134765625,0.8890011001564757,0.8802986512524085,0.8977035490605428,3772,4532,243,236,2,True,0.0644220572640509,0.05207413945278023,0.012347917811270669,0.0,0.5510197035614683,0.5510197035614683,True,0.8260402075990816,0.8178895050986352,0.00815070250044636,0.5654678907439417,1.0,0.43453210925605834,True
scale_normalized,Cx22-Multi-Test:000074,00551,73,largest matched target instance,Crop centre and scale only; never model input or prediction guidance.,8,9,"[-7, 108, 104, 219]",111,0.5057373046875,0.0079345703125,0.496337890625,0.5042724609375,0.5845507751206134,0.863073729530253,0.30602782071097373,6109,6898,99,548,3,True,0.016205598297593715,0.07944331690345027,0.06323771860585656,0.0,0.5783888810121384,0.5783888810121384,True,0.7212126553298833,0.6478241101650485,0.07338854516483484,0.3954024958103549,0.900245724519742,0.5048432287093871,True
scale_normalized,Cx22-Multi-Test:000075,00552,74,largest matched target instance,Crop centre and scale only; never model input or prediction guidance.,3,3,"[121, 324, 255, 458]",134,0.5057373046875,0.012939453125,0.48895263671875,0.50189208984375,0.8705303385642637,0.9028643906563788,0.8381962864721485,8782,10140,216,161,2,True,0.02459576406285584,0.015877712031558185,0.008718052031297656,0.0,0.5148232761402463,0.5148232761402463,True,0.8389122595623711,0.8147664628143566,0.024145796748014536,0.562344848459663,1.0,0.43765515154033696,True
scale_normalized,Cx22-Multi-Test:000076,00552,75,largest matched target instance,Crop centre and scale only; never model input or prediction guidance.,9,9,"[116, 208, 247, 339]",131,0.5057373046875,0.01458740234375,0.48699951171875,0.5015869140625,0.8524480270127119,0.8447265625,0.8601694915254238,8400,7984,239,233,3,True,0.02845238095238095,0.029183366733466935,0.0007309857810859841,0.0,0.528128930842155,0.528128930842155,True,0.8435807390864695,0.8971375682555822,0.05355682916911275,0.6447159539008886,1.0,0.35528404609911135,True
scale_normalized,Cx22-Multi-Test:000077,00553,76,largest matched target instance,Crop centre and scale only; never model input or prediction guidance.,1,1,"[82, 40, 175, 133]",93,0.5057373046875,0.0091552734375,0.48870849609375,0.49786376953125,0.8980080525535071,0.8626827717736809,0.9333333333333333,4246,5192,77,73,1,False,0.018134715025906734,0.014060092449922958,0.004074622575983776,0.0,0.5130056565586111,0.5130056565586111,True,0.7263842807688838,0.7785730219145969,0.052188741145713036,0.5261514075599033,1.0,0.4738485924400967,True
scale_normalized,Cx22-Multi-Test:000078,00553,77,largest matched target instance,Crop centre and scale only; never model input or prediction guidance.,2,2,"[46, 321, 210, 485]",164,0.5057373046875,0.00537109375,0.49786376953125,0.50323486328125,0.31221139483287885,0.5815030375122138,0.042919752153543905,13396,10143,143,6474,1,False,0.0106748283069573,0.6382727003845017,0.6275978720775444,0.1393271362758136,1.1372182644931899,0.9978911282173762,False,0.748058444036921,0.5860110569028016,0.16204738713411937,0.3335894425481081,0.8384326712574952,0.5048432287093871,True
scale_normalized,Cx22-Multi-Test:000079,00556,78,largest matched target instance,Crop centre and scale only; never model input or prediction guidance.,2,2,"[270, 22, 378, 130]",108,0.5057373046875,0.011474609375,0.4879150390625,0.4993896484375,0.8275969188383796,0.9171656686626747,0.7380281690140845,5683,6341,134,221,1,False,0.02357909554812599,0.03485254691689008,0.011273451368764092,0.0,0.5337981110255782,0.5337981110255782,True,0.8393176531964956,0.866334711012503,0.027017057816007384,0.6139130966578095,1.0,0.38608690334219053,True
scale_normalized,Cx22-Multi-Test:000080,00557,79,largest matched target instance,Crop centre and scale only; never model input or prediction guidance.,11,11,"[330, 283, 460, 413]",130,0.5057373046875,0.005859375,0.490966796875,0.496826171875,0.7408467016382976,0.8492147707979627,0.6324786324786325,8368,10480,96,138,1,False,0.011472275334608031,0.01316793893129771,0.0016956635966896786,0.0,0.5121135030399858,0.5121135030399858,True,0.8624193473515535,0.8713695604969054,0.008950213145351937,0.6189479461422118,1.0,0.3810520538577882,True
scale_normalized,Cx22-Multi-Test:000081,00557,80,largest matched target instance,Crop centre and scale only; never model input or prediction guidance.,5,5,"[152, -10, 308, 146]",156,0.5057373046875,0.00457763671875,0.49462890625,0.49920654296875,0.44813327074795545,0.7743153219837158,0.12195121951219512,12045,14975,110,1694,2,True,0.0091324200913242,0.11312186978297162,0.10398944969164742,0.0,0.6120674338916596,0.6120674338916596,True,0.8484521784815439,0.24916086359934672,0.5992913148821971,0.0,0.5015824779540403,0.5015824779540403,False
scale_normalized,Cx22-Multi-Test:000082,00558,81,largest matched target instance,Crop centre and scale only; never model input or prediction guidance.,9,9,"[258, 23, 344, 109]",86,0.5057373046875,0.01251220703125,0.48651123046875,0.4990234375,0.6533436693241542,0.9023746701846965,0.40431266846361186,3585,3995,90,281,2,True,0.02510460251046025,0.07033792240300375,0.045233319892543505,0.0,0.5692834865116918,0.5692834865116918,True,0.8250185131533239,0.7336304750019884,0.09138803815133545,0.48120886064729484,0.986052089356682,0.5048432287093871,True
scale_normalized,Cx22-Multi-Test:000083,00562,82,largest matched target instance,Crop centre and scale only; never model input or prediction guidance.,3,11,"[95, 63, 183, 151]",88,0.5057373046875,0.01141357421875,0.48907470703125,0.50048828125,0.6488709220031332,0.9284472381971379,0.36929460580912865,3788,3689,89,393,2,True,0.023495248152059132,0.10653293575494714,0.08303768760288802,0.0,0.6054784998636352,0.6054784998636352,True,0.8623038944754892,0.26015426678536624,0.6021496276901229,0.007732652430672671,0.5125758811400598,0.5048432287093871,False
scale_normalized,Cx22-Multi-Test:000084,00563,83,largest matched target instance,Crop centre and scale only; never model input or prediction guidance.,1,3,"[336, 71, 493, 228]",157,0.5057373046875,0.0048828125,0.495849609375,0.500732421875,0.9403954427555699,0.9752790744875177,0.905511811023622,12231,12404,123,131,1,False,0.010056414029923964,0.010561109319574331,0.0005046952896503674,0.0,0.5095066734282624,0.5095066734282624,True,0.7192256688326983,0.7319294267812263,0.01270375794852796,0.47950781242653273,0.9843510411359199,0.5048432287093871,True
scale_normalized,Cx22-Multi-Test:000085,00564,84,largest matched target instance,Crop centre and scale only; never model input or prediction guidance.,14,1,"[26, 112, 117, 203]",91,0.5057373046875,0.0087890625,0.490478515625,0.499267578125,0.7658902381665027,0.8971650917176209,0.6346153846153846,4064,4931,71,33,2,True,0.017470472440944882,0.006692354491989455,0.010778117948955428,0.0,0.5056379186006775,0.5056379186006775,True,0.7129922669356821,0.7480139018846566,0.03502163494897448,0.495592287529963,1.0,0.504407712470037,True
scale_normalized,Cx22-Multi-Test:000086,00565,85,largest matched target instance,Crop centre and scale only; never model input or prediction guidance.,22,21,"[416, 165, 505, 254]",89,0.5057373046875,0.00506591796875,0.49627685546875,0.5013427734375,0.5106905424291107,0.8322557893499472,0.18912529550827423,3937,4570,41,382,2,True,0.010414020828041656,0.08358862144420132,0.07317460061615966,0.0,0.5825341855528894,0.5825341855528894,True,0.7991743054141817,0.33541873211810314,0.4637555732960785,0.08299711776340957,0.5878403464727967,0.5048432287093871,False
scale_normalized,Cx22-Multi-Test:000087,00568,86,largest matched target instance,Crop centre and scale only; never model input or prediction guidance.,11,9,"[288, 122, 372, 206]",84,0.5057373046875,0.00836181640625,0.48590087890625,0.4942626953125,0.7276417746518611,0.8687450877652607,0.5865384615384616,3424,4210,62,146,2,True,0.018107476635514017,0.03467933491686461,0.016571858281350594,0.0,0.5336248990255527,0.5336248990255527,True,0.9273260897727249,0.640948171326721,0.2863779184460039,0.3885265569720274,0.8933697856814146,0.5048432287093871,False
scale_normalized,Cx22-Multi-Test:000088,00569,87,largest matched target instance,Crop centre and scale only; never model input or prediction guidance.,2,4,"[72, 251, 166, 345]",94,0.5057373046875,0.0074462890625,0.40765380859375,0.41510009765625,0.8344218851685301,0.9454395150179112,0.723404255319149,3592,3666,64,77,1,False,0.017817371937639197,0.021003818876159302,0.0031864469385201044,0.0,0.5199493829848474,0.5199493829848474,True,0.77435275056413,0.809690844022618,0.03533809345848804,0.5572692296679245,1.0,0.44273077033207553,True
scale_normalized,Cx22-Multi-Test:000089,00570,88,largest matched target instance,Crop centre and scale only; never model input or prediction guidance.,6,7,"[259, 400, 391, 532]",132,0.5057373046875,0.01654052734375,0.4854736328125,0.50201416015625,0.7892254295460214,0.8928774928774929,0.6855733662145499,8444,9106,279,532,1,False,0.03304121269540502,0.058423017790467824,0.025381805095062805,0.0,0.5573685818991558,0.5573685818991558,True,0.7991385160036769,0.822852654058159,0.02371413805448208,0.5704310397034654,1.0,0.4295689602965346,True
scale_normalized,Cx22-Multi-Test:000090,00572,89,largest matched target instance,Crop centre and scale only; never model input or prediction guidance.,9,9,"[320, 197, 435, 312]",115,0.5057373046875,0.02227783203125,0.47613525390625,0.4984130859375,0.8503716166356086,0.8592989632555187,0.8414442700156985,6301,7878,299,338,1,False,0.04745278527217902,0.0429042904290429,0.004548494843136117,0.0,0.5418498545377309,0.5418498545377309,True,0.8002805275343048,0.87593183723348,0.07565130969917522,0.6235102228787864,1.0,0.37648977712121356,True
scale_normalized,Cx22-Multi-Test:000091,00575,90,largest matched target instance,Crop centre and scale only; never model input or prediction guidance.,8,6,"[298, 49, 448, 199]",150,0.5057373046875,0.03338623046875,0.46728515625,0.50067138671875,0.8399811652282594,0.8145535254250723,0.8654088050314466,10526,14705,751,839,3,True,0.07134714041421243,0.05705542332539952,0.01429171708881291,0.0,0.5560009874340875,0.5560009874340875,True,0.8309563345931288,0.8338056646876273,0.0028493300944985034,0.5813840503329337,1.0,0.4186159496670663,True
scale_normalized,Cx22-Multi-Test:000092,00576,91,largest matched target instance,Crop centre and scale only; never model input or prediction guidance.,1,0,"[117, 177, 245, 305]",128,0.5057373046875,0.0140380859375,0.46533203125,0.4793701171875,0.830047438743091,0.9694041867954911,0.6906906906906907,7624,7280,230,436,1,False,0.030167890870933894,0.05989010989010989,0.029722219019176,0.0,0.558835673998798,0.558835673998798,True,0.8182417982490445,0.7069054640094634,0.11133633423958111,0.45448384965476984,0.959327078364157,0.5048432287093871,True
scale_normalized,Cx22-Multi-Test:000093,00576,92,largest matched target instance,Crop centre and scale only; never model input or prediction guidance.,4,5,"[231, 324, 389, 482]",158,0.5057373046875,0.0042724609375,0.49951171875,0.5037841796875,0.944569903362074,0.9709579885423297,0.9181818181818182,12448,12688,108,112,1,False,0.008676092544987147,0.008827238335435058,0.00015114579044791035,0.0,0.5077728024441232,0.5077728024441232,True,0.8303034741010151,0.8119470551706076,0.018356418930407514,0.559525440815914,1.0,0.44047455918408596,True
scale_normalized,Cx22-Multi-Test:000094,00577,93,largest matched target instance,Crop centre and scale only; never model input or prediction guidance.,5,9,"[341, 99, 493, 251]",152,0.5057373046875,0.00537109375,0.49713134765625,0.50250244140625,0.80761474959739,0.9283608123260932,0.6868686868686869,11465,12614,130,68,1,False,0.0113388573920628,0.005390835579514825,0.005948021812547975,0.0,0.5043363996882029,0.5043363996882029,True,0.8591111880164324,0.6792297979160882,0.1798813901003442,0.4268081835613946,0.9316514122707817,0.5048432287093871,True
scale_normalized,Cx22-Multi-Test:000095,00578,94,largest matched target instance,Crop centre and scale only; never model input or prediction guidance.,9,4,"[395, 314, 501, 420]",106,0.5057373046875,0.01361083984375,0.48077392578125,0.494384765625,0.8376719824890557,0.9312963459304923,0.7440476190476191,5436,5757,157,179,1,False,0.028881530537159677,0.031092582942504776,0.0022110524053450993,0.0,0.5300381470511928,0.5300381470511928,True,0.791403987661704,0.8025054754247195,0.01110148776301556,0.5500838610700259,1.0,0.44991613892997406,True
scale_normalized,Cx22-Multi-Test:000096,00579,95,largest matched target instance,Crop centre and scale only; never model input or prediction guidance.,8,4,"[66, 214, 170, 318]",104,0.5057373046875,0.00604248046875,0.49371337890625,0.499755859375,0.5940886426412129,0.9094887606922618,0.2786885245901639,5325,4729,68,420,1,False,0.012769953051643192,0.0888137026855572,0.07604374963391401,0.0,0.5877592667942453,0.5877592667942453,True,0.7468881888038891,0.5026382818006975,0.2442499070031916,0.2502166674460039,0.755059896155391,0.5048432287093871,True
scale_normalized,Cx22-Multi-Test:000097,00580,96,largest matched target instance,Crop centre and scale only; never model input or prediction guidance.,2,6,"[161, 123, 310, 272]",149,0.5057373046875,0.02008056640625,0.48419189453125,0.5042724609375,0.8998326844642195,0.8594354838709677,0.9402298850574713,10757,14043,438,432,3,True,0.04071767221344241,0.03076265755180517,0.009955014661637243,0.0,0.5297082216604933,0.5297082216604933,True,0.7166241849628461,0.7090696743130186,0.007554510649827484,0.456648059958325,0.9614912886677122,0.5048432287093871,True
scale_normalized,Cx22-Multi-Test:000098,00581,97,largest matched target instance,Crop centre and scale only; never model input or prediction guidance.,6,2,"[427, -1, 529, 101]",102,0.5057373046875,0.005126953125,0.4930419921875,0.4981689453125,0.15167319586368747,0.27848451327433627,0.024861878453038673,5116,2116,54,4290,2,True,0.01055512118842846,2.0274102079395084,2.01685508675108,1.5284646438308203,2.5263557720481966,0.9978911282173764,False,0.7300079323324363,0.7430755201678642,0.01306758783542783,0.4906539058131706,0.9954971345225577,0.5048432287093871,True
scale_normalized,Cx22-Multi-Test:000099,00582,98,largest matched target instance,Crop centre and scale only; never model input or prediction guidance.,4,2,"[141, 141, 351, 351]",210,0.5057373046875,0.00396728515625,0.4998779296875,0.50384521484375,0.14906174015089757,0.2779680923950279,0.020155387906767255,21991,8660,179,17583,1,False,0.008139693510981766,2.0303695150115475,2.0222298215005656,1.5314239509028593,2.5293150791202357,0.9978911282173764,False,0.8287140978503651,0.5686383711083053,0.2600757267420598,0.3162167567536117,0.8210599854629989,0.5048432287093871,False
scale_normalized,Cx22-Multi-Test:000100,00584,99,largest matched target instance,Crop centre and scale only; never model input or prediction guidance.,6,11,"[285, 257, 409, 381]",124,0.5057373046875,0.01129150390625,0.48944091796875,0.500732421875,0.8866191862223234,0.8646838001732602,0.9085545722713865,7516,9799,178,161,1,False,0.02368281000532198,0.01643024798448821,0.007252562020833769,0.0,0.5153758120931763,0.5153758120931763,True,0.8122156957434884,0.8147664670022708,0.002550771258782447,0.5623448526475773,1.0,0.4376551473524227,True
